time_h,D,E,C,H_e,M_t
0.0,3.0128305339589043e-27,0.40557492248509247,0.7587821485462073,0.0,0.0010720730501414806
0.01,2.9679753354555498e-06,0.45052085871246444,0.7462680632736404,0.0008064399225251313,0.002157946274365718
0.02,2.3390303515237335e-05,0.43922744176480005,0.7753487705501194,0.001140282555802956,0.0032456808177281286
0.03,7.776697701532429e-05,0.42743882652532644,0.7524127789086464,0.0011676125368847764,0.004323522059908718
0.04,0.00018159212459764837,0.4012156314570153,0.7262231516064528,0.0010574615915544601,0.005385896467395467
0.05,0.00034939173843560634,0.4654097339869409,0.7645350144787698,0.0015854431510953482,0.006481081441055393
0.06,0.0005947602735713807,0.4349792848387927,0.7643822628631942,0.0019551140760125014,0.00756362071448501
0.07,0.0009303961491527113,0.45561128944204793,0.7456195706453831,0.0016340155901444187,0.008650314317410805
0.08,0.0013681361801942166,0.4644346567569254,0.7397652442662356,0.0019046952075705988,0.009738693768168204
0.09,0.0019189889679215432,0.45640213143202446,0.7658554293905983,0.002076925427273655,0.01082998313106124
0.1,0.0025931672760851456,0.4467944787786871,0.7911361944164133,0.0023374102407950573,0.011923016676222913
0.11,0.0034001194199740994,0.4641671267646571,0.7039421096839763,0.002136099674794066,0.013002350759409618
0.12,0.004348559694218653,0.4616674785308745,0.7659193065221802,0.002717467958681335,0.014094984907382055
0.13,0.00544649786484295,0.46356879024858966,0.7522969221010609,0.002980136238787601,0.015184754575367693
0.14,0.0067012677504161185,0.41892291735900977,0.7529357133186477,0.003214850487835251,0.016256919427437896
0.15,0.008119554916550684,0.44451938953080694,0.7446898515102675,0.003573857267562635,0.017336735199154903
0.16,0.009707423507411191,0.4392849926799183,0.7400603957784879,0.0037467290331469477,0.018413264242661292
0.17,0.011470342237323424,0.5120657317998544,0.7718416907531046,0.003849151835761792,0.019526475371402754
0.18,0.013413209565014815,0.4406196415984759,0.7590966549783462,0.004514785035131403,0.0206069396850214
0.19,0.015540378072469581,0.47968187916407945,0.7637977193290262,0.005318450459933588,0.021703094849821795
0.2,0.01785567806984741,0.42158576180627316,0.7464232577606686,0.006305508950244877,0.022771157262039078
0.21,0.02036244044739193,0.4479475759239743,0.7685129076484459,0.007263107266522229,0.023853372740968708
0.22,0.023063518794744758,0.42807212457300403,0.7144235787231268,0.007573174657599194,0.024915362097933262
0.23,0.025961310807581166,0.4614308979719287,0.7697667451281758,0.008138482064759036,0.026002214564246458
0.24,0.02905777900099642,0.4947423358656201,0.7152324293510073,0.008690334110548911,0.02708769699385671
0.25,0.03235447074859475,0.44160243022417284,0.7567786751695853,0.00948888609303088,0.028161999161248306
0.26,0.03585253766576705,0.47624796591467483,0.7406672364054082,0.009864895620850724,0.029245472676976296
0.27,0.03955275435518859,0.4770247585686424,0.7521268008302588,0.009937059940318627,0.030332007965908264
0.28,0.04345553653212305,0.4754802295949061,0.764900787954303,0.010030779060966008,0.03142099455168279
0.29,0.04756095854668456,0.45934614367246607,0.7317858093753605,0.010340305155040407,0.03249527656225848
0.3,0.051868770319785255,0.46202616083972026,0.7158424617500082,0.010780771580892743,0.033566234081154396
0.31,0.056378413709080095,0.4691590456249698,0.7266838355793,0.011361408190288582,0.03464176086171261
0.32,0.06108903832081634,0.4719601156627052,0.7319385607236958,0.011595953987863382,0.0357193441136043
0.33,0.06599951678309872,0.4723820879678386,0.7267221476437125,0.011908241175267332,0.03679543251321711
0.34,0.07110845949569387,0.48632000071846027,0.7117247898708362,0.012767723582322166,0.03787195097852683
0.35000000000000003,0.0764142288711205,0.4697591305752035,0.7318534375190446,0.013633207270019258,0.0389462166425901
0.36,0.08191495308140201,0.48482575750200635,0.733400252239474,0.01419578992830494,0.04002590658912712
0.37,0.08760853932449762,0.48163964761557393,0.7120275718669276,0.01485309792988591,0.041098258875655165
0.38,0.093492686624076,0.4548337688324556,0.7473928191507704,0.01595097374169736,0.04216773967074447
0.39,0.09956489817595034,0.46072552734432676,0.7450635640432687,0.016682507535772568,0.04323805783674912
0.4,0.10582249325415943,0.4922120956113594,0.7252833968914658,0.017396113781886942,0.044314611377268
0.41000000000000003,0.11226261868934803,0.4924316381254279,0.7121853245580556,0.018540362714214578,0.04538652879772068
0.42,0.11888225993178295,0.5063220958827009,0.7300476483858223,0.01938535063821943,0.04646723652162827
0.43,0.12567825171102331,0.4419567134409984,0.7247104219306494,0.02016589204137025,0.0475215953499268
0.44,0.13264728830396239,0.5009633078513739,0.6975921255362769,0.020946335244131004,0.04858997961597315
0.45,0.13978593342265577,0.44252126192724683,0.695792965273986,0.022164366865713336,0.04963566775113474
0.46,0.14709062973306036,0.4917775839097525,0.7044148500546281,0.023369501114355533,0.0506995729200815
0.47000000000000003,0.15455770801552526,0.4454668498128105,0.7158870960344281,0.02480116586092544,0.05174772098689262
0.48,0.16218339597759313,0.5242691287983267,0.6896277443801211,0.025606982809103375,0.052816727636948384
0.49,0.16996382672940358,0.48239659447566247,0.7176566753611485,0.026574184916557508,0.05387668452816289
0.5,0.17789504693172237,0.5453775770354415,0.7196691187871604,0.0282511812835739,0.05495851803167464
0.51,0.1859730246263603,0.5084461480574939,0.7026229059698812,0.029347908402625248,0.05602082204162606
0.52,0.19419365675849568,0.5235054797609908,0.695843071052198,0.030442385142578673,0.057085425315575186
0.53,0.20255277640016386,0.5205479613540019,0.7174970517093732,0.032116941793933956,0.05815275823174325
0.54,0.21104615968393858,0.547506838032538,0.7090784400868471,0.033534314992375414,0.059225986646375614
0.55,0.21966953245559445,0.5134775125341418,0.6693200707722118,0.034951663556114156,0.06027468955824632
0.56,0.2284185766543078,0.49378778320155964,0.6920147564483289,0.03602105405550467,0.06132112459584916
0.5700000000000001,0.2372889364287308,0.4954916300703799,0.68430636250215,0.03813799618144232,0.062363720446117446
0.58,0.24627622399705587,0.5034870804173047,0.6971122183898585,0.03976152856115896,0.06341043487597904
0.59,0.25537602525897,0.5255376752660846,0.6989788710314963,0.04124591009685267,0.06446370367894172
0.6,0.2645839051671917,0.5341830007907284,0.6485481723889968,0.0426355280725132,0.06550472293831024
0.61,0.2738954128660835,0.5246972615057034,0.7189121308419936,0.04440560933688635,0.06655926606191838
0.62,0.2833060866046248,0.53573563354314,0.6270945511234487,0.04682220509921117,0.06759009061538954
0.63,0.2928114584308484,0.5664627289875889,0.6571653527625554,0.04867299948589604,0.06863704819564036
0.64,0.3024070586746404,0.5028255486288442,0.7145055708438288,0.05000544863883494,0.06967586239738251
0.65,0.31208842022563416,0.5299974895076441,0.6745049792875577,0.051801644919712016,0.07071166531627439
0.66,0.3218510826127318,0.5643984169668828,0.6955056846424824,0.05405173512064573,0.0717625518358751
0.67,0.331690595891628,0.5254218734032713,0.6506406577250049,0.05632565125670834,0.07278524274665156
0.68,0.34160252434652205,0.5703893048835345,0.6458359910593029,0.0587249143293661,0.07381839991666793
0.6900000000000001,0.3515824500120539,0.5440488687230915,0.6639360504894212,0.06089232439239419,0.07484543236930734
0.7000000000000001,0.3616259760213191,0.5437756371902034,0.6226900885091148,0.06356941646308048,0.07585811436409234
0.71,0.3717287297856741,0.5545496372101221,0.6382882039770135,0.06596441396369541,0.07687563785294975
0.72,0.38188636601187503,0.5648392568947597,0.6567348684368423,0.06873041612961067,0.07789840070605648
0.73,0.3920945695619496,0.5575350548125149,0.6330245771992871,0.0715002974850468,0.0789090189735604
0.74,0.40234905816105004,0.5977487444822601,0.6544718622055059,0.07414900584486427,0.07993558342024576
0.75,0.41264558495838993,0.5631469121195105,0.62400102951429,0.0773140250156542,0.08093876871817467
0.76,0.42297994094623126,0.5973052647374254,0.6497479529933134,0.08003783267976797,0.08195693644017583
0.77,0.43334795724174413,0.5983879207744774,0.6560926743915511,0.08269224977193057,0.08297426326746683
0.78,0.4437455072364333,0.5753999928362225,0.6018216219813921,0.08618171237624432,0.08396483844034783
0.79,0.4541685086176914,0.6104084046932999,0.6221416765048114,0.08983900158694622,0.08496759726086554
0.8,0.46461292526691433,0.6224571523984592,0.6061208627762307,0.09364522019482865,0.08596479314726573
0.81,0.47507476903848567,0.6017499774734052,0.6213603848236582,0.09677548832582342,0.08695677752174098
0.8200000000000001,0.48555010142382043,0.6094259045300475,0.5930386823164037,0.10023729614036483,0.08793878933300672
0.8300000000000001,0.49603503510453567,0.5600148756664164,0.6292910148881034,0.10346341946556357,0.0889128440091973
0.84,0.506525735398707,0.6099266878610577,0.6122242707876525,0.10749393779336883,0.08989247549339156
0.85,0.5170184216040463,0.6234385678937094,0.5992253844824246,0.1111519681671059,0.09086808019528803
0.86,0.5275093682417421,0.6410864021136374,0.6019027512793736,0.11424548874363308,0.09184612491399957
0.87,0.5379949062045783,0.5985152829260476,0.6072341536258076,0.11814580842069954,0.09280908045021752
0.88,0.5484714238128652,0.6148242292599557,0.5532485521302019,0.12196084278197349,0.09375682178596595
0.89,0.5589353677815891,0.6376953009368185,0.5824006546803856,0.12571181851580382,0.09471517323836344
0.9,0.5693832441021166,0.6028389780063949,0.5658037091420439,0.12950600829818495,0.09565511176487979
0.91,0.5798116188416632,0.6324483620396417,0.5872577067221055,0.1332289738416504,0.09660518836707412
0.92,0.5902171188636727,0.5641947387084937,0.5903584740969946,0.1370671380139059,0.09753321654330593
0.93,0.6005964324721326,0.6377542276708562,0.6170863069796897,0.14150218442567186,0.09848462803555144
0.9400000000000001,0.6109463099827859,0.5960056289804556,0.5784107211226756,0.1460794239156686,0.09940833612340313
0.9500000000000001,0.6212635642240949,0.5983191786750868,0.5494649054498089,0.15077791958899414,0.10031971049550806
0.96,0.6315450709707426,0.6279521989429897,0.5972639602955118,0.15560356005429976,0.10124714960184546
0.97,0.641787769312359,0.6272931844051389,0.5640322500719008,0.16047127821185725,0.10215963562335785
0.98,0.6519886619600962,0.6401520485277189,0.5740321886594931,0.16515755919829694,0.10307336179006014
0.99,0.6621448154935806,0.5925841420497096,0.5963706387518475,0.16972770428561781,0.1039758598050447
1.0,0.6722533605507098,0.6245272336463232,0.5468508387605957,0.1751093286048466,0.10486737384834215
1.01,0.682311491962677,0.6855444144708455,0.5385547870219072,0.17967505447129928,0.10576653067552565
1.02,0.6923164688365363,0.651856497788841,0.5658332801797777,0.1845559600867474,0.10666040769020048
1.03,0.7022656145875507,0.6336093805458496,0.5658619487124747,0.18965196563525602,0.10754437837603886
1.04,0.7121563169235015,0.6720410333697415,0.5410093873058326,0.19474253451224102,0.10842531750322446
1.05,0.7219860277830634,0.6559443147473892,0.5189119327332624,0.2005947497195375,0.1092900482660336
1.06,0.7317522632302855,0.6791753324256894,0.5341555371598309,0.20584869910681716,0.11015921761642748
1.07,0.7414526033071609,0.6593948746316136,0.576034737423819,0.21179115334807502,0.11102978302205906
1.08,0.7510846918461996,0.7071948483960049,0.5309815154003037,0.21741672248405436,0.11189271661153023
1.09,0.7606462362448623,0.6757740744162539,0.5332219004573331,0.22288315453933777,0.11274355253916671
1.1,0.7701350072036509,0.681611509340812,0.5169904190753773,0.2279000036701371,0.11358595580270907
1.11,0.7795488384296,0.6409598512645204,0.5515611514380486,0.23306291860953485,0.11442371047493644
1.12,0.7888856263068523,0.661150514782358,0.510296390634392,0.23902244757948674,0.11524876325007416
1.1300000000000001,0.7981433295359532,0.7037881381972582,0.512487710778512,0.2445484957424267,0.11607819632676011
1.1400000000000001,0.807319968743436,0.668540128255274,0.5488368699699246,0.24945184018956407,0.11690543625465102
1.1500000000000001,0.8164136260632362,0.7071691228307895,0.48973352807072995,0.2555762842426932,0.11771809819027801
1.16,0.8254224446914012,0.6559625131445718,0.5261482104290786,0.2609871290796662,0.11852504539638807
1.17,0.8343446284155376,0.6909166331691519,0.5290189169802416,0.2668336560154506,0.11933477319969543
1.18,0.8431784411203639,0.7129825468179964,0.5448692098802499,0.272690949577231,0.12014835797688007
1.19,0.8519222062707199,0.7002583315469215,0.5022288327679545,0.2784722448953947,0.12094128484261157
1.2,0.860574306373313,0.6932063103784248,0.49683202858691,0.284428253635287,0.12172564110855741
1.21,0.8691331824184564,0.7211286792792397,0.5059020408258333,0.29108642088155395,0.12251196427026725
1.22,0.8775973333030048,0.7416581369135726,0.5338745327190602,0.2967386221980345,0.12330555836932075
1.23,0.8859653152356498,0.7178790405134204,0.524937593266146,0.3026802211775497,0.12408583346576992
1.24,0.8942357411257034,0.7421109000744052,0.48881396535412625,0.30871959087117096,0.12485487434788645
1.25,0.9024072799564545,0.7330590804212584,0.49792265391110835,0.31513667494817016,0.12561888834952623
1.26,0.9104786561441488,0.7044175817970454,0.47687088402681366,0.32124455968154897,0.12636598076832253
1.27,0.9184486488836022,0.7231815853307177,0.465040990500433,0.3276332465398704,0.12710747748338697
1.28,0.926316091481425,0.7502068985777728,0.5382152973505612,0.3335771912103,0.12786981350180676
1.29,0.9340798706777986,0.6984198427837072,0.47907433494048335,0.3400892248295264,0.12859956098389597
1.3,0.9417389259577156,0.7014917519402646,0.49800495394910477,0.3468384990657131,0.129328930529218
1.31,0.9492922488525507,0.7154370483022238,0.4935977259054753,0.35380375280061915,0.13005359037205663
1.32,0.9567388822328157,0.6823693763964933,0.5103951542740863,0.3605202766746306,0.13077054592697676
1.33,0.9640779195929055,0.727816865824626,0.49694712296201693,0.367256795419139,0.13148663902852875
1.34,0.9713085043286175,0.7487569693316108,0.5175457181884783,0.3738349486638036,0.1322066520253799
1.35,0.9784298290081996,0.736834899363554,0.4568389960705557,0.3807719956083065,0.13290188503020442
1.36,0.9854411346376534,0.7052138736616782,0.4578882937642698,0.3876337556533395,0.13358637631332274
1.37,0.9923417099209842,0.6943579550444983,0.44478734411361304,0.39539544963327894,0.1342593966225657
1.3800000000000001,0.9991308905160764,0.745748767579355,0.45370807710142685,0.4020611700258277,0.13493737204672143
1.3900000000000001,1.005808058286833,0.7573633938059435,0.45694462828366544,0.4090621358429314,0.1356122853928089
1.4000000000000001,1.0123726405522004,0.7688393387673006,0.42958668020242075,0.4160714044672702,0.13627587751529588
1.41,1.018824109332677,0.7416012087530356,0.4324322911096401,0.4233382545999002,0.13693024370095502
1.42,1.0251619805948728,0.7137909151825425,0.47079525873459827,0.43078802729876037,0.13758391044122903
1.43,1.0313858134946687,0.7546255111210983,0.45869302966583336,0.4381451007671343,0.1382351395884269
1.44,1.0374952096195067,0.7346557401629292,0.48176914662415726,0.44534574898304474,0.1388832761000421
1.45,1.0434898122303071,0.7192069634621719,0.4276448837488814,0.45247887500600803,0.13951013358253955
1.46,1.049369305503505,0.779348243479394,0.4615171105193545,0.46028683793865166,0.1401483617999976
1.47,1.05513341377366,0.722265541057625,0.4357097544352184,0.46782840803183584,0.14076573625071837
1.48,1.0607819007770916,0.7774498215975585,0.4627890661564262,0.47511541349939784,0.14139239789961566
1.49,1.066314568896954,0.7390847679332263,0.40971119946341034,0.48253623179166544,0.14199475919121624
1.5,1.0717312584101664,0.770101526283711,0.48640772466976095,0.49011363964594507,0.14261472846986928
1.51,1.077031846736577,0.7767699082999536,0.44654514399013084,0.4978180041399799,0.14321979322281372
1.52,1.0822162476907335,0.7790154923198979,0.49172095947850075,0.5054333436586721,0.14383082975485875
1.53,1.087284410736619,0.7562083522552197,0.46129669448333377,0.5130056430659875,0.1444251796196349
1.54,1.092236320245677,0.7830030472884377,0.47240052082883577,0.5206582469091598,0.14502054638787135
1.55,1.0970719947584573,0.7345544189703166,0.4696065222636555,0.5281762297108031,0.1456025310629163
1.56,1.1017914862501834,0.7292844194245666,0.4544294887853629,0.5362102986335235,0.1461745220575038
1.57,1.1063948794005314,0.7519273954083612,0.4472398375492824,0.5436964290896885,0.1467426594168142
1.58,1.110882290867895,0.7855920451548999,0.4323036468790749,0.5513711615674414,0.14730635903120023
1.59,1.1152538685684024,0.7826327420246048,0.45957992453513047,0.5588014536849689,0.14787088713599997
1.6,1.1195097909599288,0.7816913271647056,0.41493353071487915,0.5664897180419786,0.14841944552425554
1.61,1.1236502663313404,0.7842038770456854,0.4185054958704325,0.574929872870917,0.14896333042723547
1.62,1.1276755320971945,0.758261511449508,0.4445685049959702,0.5830053013412937,0.14950430338532716
1.6300000000000001,1.1315858540981059,0.7919471374541669,0.4320904638154342,0.5911148725471971,0.15004124710004113
1.6400000000000001,1.1353815259069693,0.760166225738429,0.42677258272935525,0.5986678954419394,0.15056799841739113
1.6500000000000001,1.1390628681412391,0.7544465816335151,0.4306770602363994,0.6064481946195083,0.15108973271410228
1.6600000000000001,1.142630227781428,0.7877049748862262,0.4472484862580412,0.6142774695554117,0.15161405091273106
1.67,1.1460839774960003,0.7667034127714968,0.4154632558330193,0.6224600413410374,0.15212353348546098
1.68,1.149424514972804,0.7553783623163509,0.4554123508747707,0.6304388138901696,0.15263491851380223
1.69,1.1526522622571937,0.78150433182858,0.4241644505877254,0.638569160077846,0.15313761488214983
1.7,1.1557676650969797,0.7977733376240753,0.4369843454699493,0.6461275545992642,0.15364017214968573
1.71,1.1587711922943194,0.7813224876136575,0.4529635352050323,0.6542518143775933,0.1541390029406603
1.72,1.1616633350646788,0.7687213840232878,0.42326720869199597,0.6626019862014676,0.154624930778141
1.73,1.1644446064029634,0.7881153673242118,0.44697409471481003,0.6707961314395803,0.15511292659143275
1.74,1.167115540456922,0.8156221040018465,0.4362193079699782,0.6793658639520406,0.15559654914232385
1.75,1.1696766919079133,0.7728094354001743,0.416912563791822,0.6872147459730135,0.1560666211426037
1.76,1.172128635359117,0.7988729919691614,0.4397758105066923,0.6954445619155382,0.15653925790074705
1.77,1.1744719647312678,0.776193323700571,0.4436400995442827,0.703996941722706,0.1570049670180708
1.78,1.1767072926659792,0.7859210388721497,0.43970057337306395,0.7122638630397012,0.15746607943375332
1.79,1.1788352499367185,0.8061842895166538,0.47239912104860027,0.7203002711452531,0.1579313924216798
1.8,1.1808564848674876,0.7866815159977865,0.45597750267746423,0.728940913664001,0.15838601962810028
1.81,1.1827716627592586,0.8016086756576712,0.4330254906266175,0.737300674213532,0.15883293237732587
1.82,1.1845814653242048,0.7940295602787979,0.4102147205901945,0.7458495663070229,0.1592697741589406
1.83,1.186286590127765,0.7965148914187989,0.4069860059205788,0.7545542605676715,0.15970137414310104
1.84,1.1878877500385685,0.8078252605577407,0.41889221101690877,0.7626691267322674,0.16013185162568075
1.85,1.189385672686247,0.8274529751819064,0.3997837377975901,0.7708269058702027,0.1605560384733691
1.86,1.190781099927151,0.7693429290903945,0.4076452709213026,0.7791787715289343,0.16097169869578823
1.87,1.1920747873179909,0.7795068537428909,0.41458807271814435,0.7873029689971162,0.16138519842841106
1.8800000000000001,1.1932675035973985,0.804428329066284,0.4106490113031799,0.7958342814456267,0.16179578616574097
1.8900000000000001,1.1943600301754291,0.8595438161448666,0.4322686842999218,0.8041132186670195,0.1622113898364431
1.9000000000000001,1.195353160630994,0.8112638861619952,0.4184134394950568,0.8120587675279781,0.16261547649364158
1.9100000000000001,1.1962477002172167,0.834819783745838,0.4123889715311036,0.8200054620722453,0.16301649532400972
1.92,1.1970444653747165,0.7707609871031194,0.4500824628150458,0.8283321519373131,0.1634137870817462
1.93,1.1977442832527934,0.7948656319898879,0.4466317639267126,0.8366382188240041,0.1638085945280045
1.94,1.1983479912385022,0.8362369438069233,0.4006035193542166,0.8452448878719913,0.1641946828023831
1.95,1.198856436493602,0.8322872718702705,0.42128052387344367,0.8536857471955431,0.16457989636157205
1.96,1.1992704754993442,0.8013799493694859,0.40287544477897064,0.8616127202241864,0.16495529056049027
1.97,1.1995909736090828,0.8047714897681331,0.3827706403976057,0.8699795720433106,0.16532354780201478
1.98,1.1998188046086762,0.8060006983065512,0.42594209783008147,0.877999985389998,0.1656952297191839
1.99,1.1999548502846353,0.8208766304877125,0.4146221285685088,0.8866932614548688,0.16606211156369052
2.0,1.2,0.8144109433798076,0.449775987880311,0.894959017246558,0.16643036349342866
2.0100000000000002,1.1999551502778856,0.8060417896431079,0.41999772559324144,0.9031482843206388,0.16678907537371002
2.02,1.1998212043926737,0.8207372510923141,0.43208410044549467,0.8937859840488978,0.16715549027985893
2.0300000000000002,1.1995990719687935,0.8645327828008499,0.42528167254180277,0.8841642363526828,0.16752925067246335
2.04,1.199289668587048,0.7810873335688325,0.4164572187776679,0.8749658480870678,0.1678986657199521
2.05,1.198893915398441,0.789534203340089,0.42229062188781635,0.8657066908052741,0.1682742705191852
2.06,1.198412738745448,0.7894850604807805,0.4187598071572545,0.8567528420677586,0.1686536874696851
2.07,1.1978470697906807,0.7991700580292407,0.41800412864723036,0.8473734335059215,0.16903850574523016
2.08,1.1971978441528903,0.7897745410216578,0.42740316227034225,0.8381554056050455,0.16942872402215162
2.09,1.1964660015502515,0.7544852989228398,0.42975850795731146,0.8294286834807567,0.16982047887796145
2.1,1.195652485450869,0.8091672762332527,0.4202291107085666,0.8203901403004026,0.17022035523663465
2.11,1.1947582427304446,0.7857156290897521,0.39912420336082666,0.8118721338118104,0.17061877522482768
2.12,1.193784223337049,0.7624685582822571,0.42692847514830967,0.8027260951007866,0.17102462789878936
2.13,1.1927313799629247,0.772311904970799,0.4189063375275874,0.7942528476009514,0.17143450523140563
2.14,1.1916006677232671,0.7738012174531924,0.4246289238426861,0.7855021261755251,0.17185021265166162
2.15,1.1903930438419084,0.7698987248533784,0.46423425037178384,0.7770063215602796,0.17227726975552457
2.16,1.189109467343844,0.7876891944858601,0.4225209286938984,0.7680088035867445,0.17270347659443874
2.17,1.1877508987545278,0.8199668861596612,0.41812827162937183,0.7593659601860856,0.1731368571310185
2.18,1.1863182998058726,0.8033364398517078,0.44382712775810523,0.7506940521603747,0.17357842700998058
2.19,1.1848126331488813,0.7876603113815787,0.44841448935084094,0.7416453123167535,0.17402434238349376
2.2,1.1832348620728397,0.8253983213150865,0.4381956923834184,0.7328710168302853,0.17447742363581698
2.21,1.1815859502310015,0.7827746940583519,0.4352980159622061,0.7244577069150182,0.174930177343028
2.22,1.1798668613726864,0.7846069578556828,0.45338072048504313,0.7161746104425935,0.17539155082944613
2.23,1.1780785590817273,0.7766840998789466,0.4321013231063329,0.7082883511072625,0.1758524891702824
2.24,1.1762220065211857,0.7885693990662632,0.4271817650086834,0.7001848842770592,0.17631855788661185
2.25,1.1742981661842624,0.8037922067435631,0.4594637608601595,0.6917584203246661,0.17679812599951455
2.2600000000000002,1.172307999651334,0.7613129425232297,0.40033514982043195,0.6829178750201877,0.17726629773191926
2.27,1.1702524673530315,0.7762661665367938,0.42125375996812825,0.674650417226662,0.1777452391641123
2.2800000000000002,1.168132528339294,0.8345986488688532,0.4343886716700038,0.6664392761971031,0.17823871066122754
2.29,1.165949140054317,0.769154904057216,0.42677300508106164,0.6585480672588775,0.17872792500560597
2.3000000000000003,1.1637032581173172,0.7956374856869901,0.40791471930193635,0.6510839025342795,0.17922081556373673
2.31,1.1613958361090464,0.7850425193035021,0.427689514142391,0.6432156486780453,0.1797217151139654
2.32,1.1590278253639656,0.7879080005999812,0.45415816122161773,0.6356423479150517,0.18023356869009569
2.33,1.1566001747680161,0.782882255736383,0.4065813944386252,0.6280126169153186,0.18073940881950795
2.34,1.1541138305618994,0.7729110352120245,0.3671269687440774,0.6197950881924356,0.18124103201113892
2.35,1.151569736149797,0.7895521091326972,0.4418778649289437,0.6121666240573972,0.18176577995855786
2.36,1.148968831913449,0.7882698836892299,0.4382156961273328,0.603890898661897,0.18229505661650078
2.37,1.1463120550315198,0.8027791215704532,0.42286033852435606,0.5965474176844585,0.18282754321480557
2.38,1.1436003393041676,0.8321827208368284,0.40882910022813745,0.5885857335280437,0.18336562899723602
2.39,1.1408346149827486,0.7764434201306247,0.4336466993436631,0.5804151540694591,0.18390825491922014
2.4,1.138015808604573,0.8138994853825985,0.4316877424989025,0.5723688551862698,0.18446075717513677
2.41,1.135144842832644,0.8141517545943994,0.4678331206616608,0.5646049108718064,0.1850276161655579
2.42,1.1322226363002954,0.7851682060741514,0.434631441713461,0.557173041854608,0.18558771984493833
2.43,1.1292501034606626,0.756549458275255,0.44103301201055006,0.5500508097707959,0.1861505497862104
2.44,1.1262281544408999,0.7819623470535366,0.445580946029878,0.5424093633318557,0.18672332591749843
2.45,1.123157694901079,0.7476511903751627,0.45352265293240374,0.5351078222835988,0.187298469982522
2.46,1.1200396258976921,0.7733154467018882,0.45279272518628727,0.5281407132035218,0.1878821043045104
2.47,1.1168748437516787,0.7593027675340801,0.4585894945294339,0.5211420772945015,0.18847025192081493
2.48,1.1136642399209098,0.7902502331909476,0.45345875307465133,0.5141164512564333,0.18906680298176973
2.49,1.110408700877055,0.777011335935202,0.46776505288300513,0.506919880912365,0.18967037144894508
2.5,1.1071091079867532,0.7331727041381952,0.4720727250394068,0.499779363007827,0.19027371883187164
2.5100000000000002,1.103766337397024,0.7811732845059326,0.4615195728361706,0.4925396628737809,0.19088721831188118
2.52,1.1003812599248373,0.7893447050204737,0.44089304531934226,0.4855143278599836,0.1915019869988893
2.5300000000000002,1.0969547409507794,0.728517813789703,0.4605044162446275,0.4786473178326329,0.19211789929257975
2.54,1.0934876403167362,0.785693453124919,0.44762835624118263,0.47147172244314645,0.19274469582099224
2.5500000000000003,1.0899808122275245,0.7236735210462918,0.5020726541795842,0.4649684768620374,0.19338047058414712
2.56,1.0864351051564094,0.7540688191278154,0.43101783394065357,0.45833279031921476,0.19400859148159802
2.57,1.0828513617544246,0.764060505861501,0.48982198480238237,0.45185776269099875,0.19465848567039776
2.58,1.0792304187634376,0.7684441081115277,0.48408782180866583,0.4450629671757304,0.19531306299338022
2.59,1.0755731069328853,0.7609363533537215,0.462272372136196,0.43870655833135125,0.1959657756983108
2.6,1.0718802509401153,0.7885788068414301,0.4944389399299119,0.43180676531751033,0.1966374179534415
2.61,1.068152669314264,0.7781547546070527,0.5016250270155104,0.4251753376003066,0.19731470156098327
2.62,1.0643911743636039,0.762814981679991,0.4749154870982797,0.41768061631085374,0.19798822892876436
2.63,1.060596572106297,0.7708800140706388,0.5183673652299917,0.41153135435522126,0.19868027051277592
2.64,1.0567696622044875,0.736439773138123,0.490816600120735,0.4052810922586274,0.19936381820273077
2.65,1.0529112379016647,0.7561702640424962,0.4366399527563973,0.39918562192704066,0.2000412708172933
2.66,1.0490220859632389,0.7492056580845139,0.4510294760746397,0.3925758723393492,0.2007270101436512
2.67,1.0451029866202652,0.7830689217964464,0.4853256909445171,0.386325573188074,0.20143340639550716
2.68,1.0411547135162453,0.7489185702065867,0.473737645423123,0.3799708170354279,0.20213596629845695
2.69,1.0371780336569554,0.7663133557385845,0.4901361519740868,0.37370102251495746,0.2028516396502875
2.7,1.0331737073632303,0.7432477274436985,0.474961742115451,0.36695458166515493,0.20356476502640808
2.71,1.0291424882266502,0.7232243006061704,0.46735061179853643,0.36114556891893534,0.20427734748419157
2.72,1.025085123068059,0.759237362032485,0.49671054381545127,0.35468565227704246,0.2050103117123989
2.73,1.0210023518988702,0.7582663762729533,0.49745660482379,0.3476322170085383,0.20574959419858316
2.74,1.0168949078850846,0.7411932147897093,0.4940294374070622,0.34141709218476346,0.20649020738238444
2.75,1.012763517313977,0.69431910176525,0.4842813309732129,0.33559958802236595,0.2072245651787688
2.7600000000000002,1.0086088995633806,0.7244712032624154,0.5145359477077194,0.3296781789156193,0.2079783237606399
2.77,1.004431767073526,0.7688967108874855,0.49624220164882016,0.3243353035554451,0.2087404043511616
2.7800000000000002,1.0002328253213644,0.7574168539961608,0.4960699070905649,0.31866194729174974,0.20950540385806773
2.79,0.9960127727973334,0.7553480711390107,0.5610416042516511,0.3128019975369887,0.21029507996375937
2.8000000000000003,0.9917723009844989,0.7513238833379358,0.4440721608435944,0.3075098048750329,0.2110537623028202
2.81,0.9875120943400293,0.7399734637990929,0.46711368127569375,0.30179087555518097,0.21182243258280084
2.82,0.9832328302789396,0.7405098477137938,0.4466064903372758,0.2961114550174573,0.21259043637268432
2.83,0.9789351791600593,0.7613157666504311,0.500299621923436,0.290293425895655,0.21338401924119219
2.84,0.9746198042741696,0.7150767938561562,0.45767278480515095,0.28414781779054754,0.21416175963487286
2.85,0.9702873618342579,0.7588852930577662,0.4971417631437379,0.279022298254562,0.2149646151601603
2.86,0.9659385009678426,0.7428282780070733,0.534006387271966,0.27291290510105937,0.2157813918445575
2.87,0.961573863711312,0.708869148801052,0.5267637301425195,0.2674924228130581,0.2165937542376683
2.88,0.9571940850062373,0.733519245179466,0.4943717342825305,0.26161410430294496,0.2174073369041923
2.89,0.9527997926975997,0.7381609342046642,0.49365629097269637,0.25634733252431247,0.21822677302390348
2.9,0.9483916075338973,0.7253056165106633,0.5077053948873683,0.25075281808918193,0.2190532919205426
2.91,0.9439701431690707,0.7124993045034237,0.5296732398689811,0.24511716645311968,0.21988923491574008
2.92,0.9395360061662139,0.6976063563292761,0.5155114224911508,0.23974200132248327,0.22072296164247196
2.93,0.9350897960030151,0.7016149473412603,0.5280735947518632,0.23459224071354665,0.2215664346496103
2.94,0.9306321050788864,0.71380012714952,0.538170455230397,0.22944051866764772,0.22242094175794944
2.95,0.9261635187237393,0.7023694758496273,0.49837260813950046,0.22442848858934264,0.22326580690496287
2.96,0.9216846152083593,0.7406195255049159,0.5315170056274306,0.2193310278383987,0.22413471676569624
2.97,0.917195965756339,0.7210811311447731,0.5362118767384066,0.21446124674626368,0.22500554010197257
2.98,0.9126981345575255,0.6833100209837799,0.5135261792640984,0.20949811028330034,0.22586580481273544
2.99,0.9081916787829416,0.7250093544188063,0.5493221301087131,0.20453435933725314,0.22675200035340012
3.0,0.9036771486011407,0.7205337903390975,0.5238695973816525,0.19937840441198532,0.22763429971147253
3.0100000000000002,0.8991550871959513,0.7148953180746649,0.5336580472020122,0.19386426262173634,0.22852412630226004
3.02,0.8946260307855766,0.7194736464501518,0.5271905837146247,0.18945464524891825,0.22941756738288846
3.0300000000000002,0.8900905086430048,0.7250185982589489,0.5395593145900286,0.18483599254102512,0.23032121256908877
3.04,0.8855490431176981,0.7227788725206663,0.5170172282500808,0.17954792417456086,0.2312225255807755
3.0500000000000003,0.8810021496585131,0.7258664040471485,0.5086011091788507,0.17521002923030798,0.2321263726989861
3.06,0.8764503368378267,0.7224033874792921,0.5283758921659107,0.17013797673626874,0.23304129104728832
3.0700000000000003,0.8718941063768219,0.7187597224977547,0.5200863155594101,0.16495239020628436,0.23395813665880924
3.08,0.8673339531719025,0.7132068894106592,0.5237802545233881,0.16051026624454431,0.23487961747196112
3.09,0.8627703653221992,0.6944446534711005,0.5426953652922283,0.15600217123337387,0.23580746690056056
3.1,0.8582038241581329,0.707456244202153,0.5565427440924089,0.15118890062944343,0.23674836130065519
3.11,0.8536348042710019,0.7054036527430722,0.5466753854219094,0.146703977563653,0.23769035924627807
3.12,0.8490637735435591,0.6675780998139262,0.5162092748661806,0.14232399440078333,0.23861804881952212
3.13,0.8444911931815444,0.6761382760009891,0.5432147761168686,0.13754023214277525,0.23956147025361443
3.14,0.839917517746143,0.6653610408712155,0.5650048407631462,0.13260489081338014,0.2405143634281986
3.15,0.8353431951873365,0.6785098019061448,0.5517832333280566,0.12812075799882514,0.241471471902574
3.16,0.8307686668781138,0.7075925991199764,0.5467518891364951,0.12383048938809686,0.24243927595397116
3.17,0.8261943676495163,0.6964859052453332,0.5424825901303968,0.11918295037587931,0.24340793888055215
3.18,0.8216207258264794,0.6732044990521162,0.5697412435394654,0.11510683783274893,0.24438390117693792
3.19,0.8170481632644501,0.6874539258732603,0.5407967268429433,0.11061040588593798,0.2453592446463886
3.2,0.8124770953867422,0.686206691262928,0.5428158719901675,0.10650255624295873,0.2463395440196616
3.21,0.8079079312226108,0.676847701789885,0.5644390995906409,0.10209579689185913,0.2473294475417891
3.22,0.8033410734460089,0.6680356157433402,0.5818209087125764,0.09752650454945491,0.24832778589730561
3.23,0.7987769184150041,0.6791016127103564,0.5299480953967451,0.0936471475866394,0.24931650556714724
3.24,0.7942158562118288,0.6925015441456396,0.565849265688007,0.08979358111059055,0.2503252652615368
3.25,0.789658270683534,0.6811138842819996,0.5833089783966551,0.0854994120317065,0.2513416750672618
3.2600000000000002,0.7851045394832237,0.6904870779124019,0.542622239123899,0.08101446833677067,0.2523520664473661
3.27,0.7805550341118467,0.7098971305267813,0.550370317374023,0.07745834875642356,0.2533745260574095
3.2800000000000002,0.776010119960514,0.6934154708129147,0.5715545056682261,0.07318961795784137,0.2544047710404022
3.29,0.7714701563533264,0.6944337786934993,0.5594646974802239,0.06910918697449892,0.25543587206616925
3.3000000000000003,0.7669354965906808,0.6609159929343655,0.5415669393571683,0.0651213290088376,0.2564563451586271
3.31,0.762406487993037,0.7051841669162148,0.5411315440965175,0.06200982491808031,0.2574922952229161
3.3200000000000003,0.7578834719451211,0.671611765017156,0.5589183572043644,0.05764226149725718,0.25853024481012965
3.33,0.7533667839405415,0.6758739120278239,0.5683154725211939,0.05351657278827383,0.25957748060106967
3.34,0.7488567536267956,0.6209834871059977,0.5744900203200572,0.0495876848074514,0.26061551421030027
3.35,0.7443537048506504,0.6535134362501692,0.5613612843182916,0.0454846331187566,0.2616635057440519
3.36,0.7398579557038708,0.6692914341186874,0.5457830650139367,0.04118248897834481,0.26271580446184534
3.37,0.7353698185692741,0.6468358844123474,0.5580711634355779,0.03723000859374182,0.26377060898091953
3.38,0.7308896001670996,0.6549636419885113,0.5914949323172216,0.03308521994212499,0.26484395645526454
3.39,0.7264176016016625,0.6505273518364938,0.5776180406174053,0.028724590563364467,0.2659165406633387
3.4,0.7219541184082804,0.6907331534295411,0.5533813651169628,0.025213592115755492,0.26699672893608745
3.41,0.7174994406004503,0.6496758385004258,0.5888184857170126,0.021679848727628424,0.26808136502609475
3.42,0.7130538527172612,0.6386006423560914,0.5678130902652021,0.017743388130923365,0.2691604094084675
3.43,0.7086176338710173,0.6644443422420815,0.59019466257681,0.014050478999935887,0.27025940228207984
3.44,0.7041910577950644,0.6376433599947806,0.581380872346283,0.00988701011634193,0.27135223803384767
3.45,0.6997743928917922,0.6754498660551495,0.5729207190931578,0.006343322952112042,0.27245798905341456
3.46,0.6953679022808043,0.6325509127384241,0.6086611780853826,0.0021978636885332907,0.27356781831097343
3.47,0.690971843847233,0.6564431397709134,0.5993554757381344,-0.0014569977687091669,0.2746866674133011
3.48,0.6865864702901886,0.6339409192499232,0.6237277752538185,-0.005109166088701502,0.27581111961582366
3.49,0.6822120291713217,0.6520781292607568,0.585878872228908,-0.009008795348923689,0.2769332883051171
3.5,0.67784876296349,0.6655532757984259,0.5844315644519119,-0.0126457535245234,0.27806372098557414
3.5100000000000002,0.6734969090995069,0.6370253580392321,0.614588570640368,-0.0157943782666446,0.27919947562414676
3.52,0.6691567000209669,0.6745279011138937,0.6013902476581447,-0.019219849082935756,0.2803472164077484
3.5300000000000002,0.6648283632271244,0.6741522657975454,0.5959751905966512,-0.023225934663327855,0.2814979335222564
3.54,0.6605121213238182,0.6409607365859282,0.6115343757673696,-0.026188745841075233,0.2826470748634647
3.5500000000000003,0.6562081920724265,0.6471536171793846,0.5817601778489893,-0.029553014100170763,0.28379207036076765
3.56,0.6519167884388394,0.6246798855962961,0.621895981212934,-0.033662417342403765,0.28494882133760274
3.5700000000000003,0.6476381186424347,0.6757227229379158,0.645614962672913,-0.037498216865081396,0.28613688030954215
3.58,0.6433723862050483,0.6759912850539738,0.5945194914300742,-0.040653900083837374,0.28730995866384484
3.59,0.6391197899999228,0.6506144336688344,0.5794168755391519,-0.04386735026176711,0.2884734487055063
3.6,0.6348805243006245,0.6646418136769634,0.5838515486455439,-0.04722413142647608,0.28964735156879634
3.61,0.6306547788299204,0.640172226345256,0.6234114807130248,-0.050271356292091486,0.29083131272021046
3.62,0.6264427388085966,0.626678437025584,0.5905019684180539,-0.053962120163007825,0.29200395894693465
3.63,0.6222445850042152,0.6545010166151894,0.640450017236691,-0.057140033729108905,0.2932081181760985
3.64,0.6180604937797942,0.5953064115588446,0.610900634872298,-0.06052090415670769,0.2943856975328076
3.65,0.6138906371424022,0.6155206864588127,0.6392980047584428,-0.06342773213828772,0.29558367660345575
3.66,0.6097351827916563,0.6267720171749424,0.6033512597964014,-0.0668202509817063,0.29677749990571206
3.67,0.6055942941681175,0.5869930192968764,0.6210529609091523,-0.06963176254167495,0.2979673852673488
3.68,0.6014681305015669,0.6397381844206605,0.6389298645172133,-0.07280905688696326,0.29918631495932807
3.69,0.5973568468591629,0.6387366650307568,0.6269481026271146,-0.07646461394056936,0.30040537892891894
3.7,0.5932605941934614,0.6181981889347877,0.6383774711486431,-0.07944951620538537,0.30162509804259985
3.71,0.5891795193902978,0.6192607421962029,0.6121706654051902,-0.08191821927760903,0.3028392662143487
3.72,0.5851137653165177,0.605973853623433,0.6604936357480338,-0.08519525959309455,0.30406981228781604
3.73,0.5810634708675503,0.6197327356055228,0.5949493654404638,-0.08847756390360605,0.30528676862242915
3.74,0.5770287710148168,0.6088316548107765,0.6555946362427645,-0.09146816964284447,0.30652507074975577
3.75,0.5730097968529656,0.6318060677097028,0.6178947930991515,-0.09463381676474347,0.30776258630648473
3.7600000000000002,0.5690066756469246,0.6120222913997665,0.6559499276261778,-0.09765106212833037,0.3090105215935991
3.77,0.5650195308787718,0.6326339418620751,0.672438191950223,-0.1003352089300008,0.3102759811021829
3.7800000000000002,0.5610484822944034,0.5608244554868215,0.6201175077516625,-0.10378076283139191,0.3115013352488682
3.79,0.5570936459500087,0.5875971341371351,0.6252983653513301,-0.10657644896992526,0.31274166451898255
3.8000000000000003,0.5531551342583322,0.6081135717088377,0.6339191862135423,-0.10971327828515216,0.3139966459553294
3.81,0.549233056034725,0.6708760404580196,0.6069634646482033,-0.11235024401220618,0.3152678408422372
3.8200000000000003,0.5453275165429744,0.5823361877520241,0.6074453666729529,-0.11523305701164976,0.3165119168340178
3.83,0.5414386175409098,0.6510547641852811,0.6581797721480077,-0.11739204052173872,0.31780255354216225
3.84,0.5375664573257769,0.6158055329163261,0.6219049458567638,-0.12045823667847173,0.3190706487701293
3.85,0.533711130779375,0.6323885891344695,0.6438646762334659,-0.12303432457597863,0.3203564627005871
3.86,0.5298727294129549,0.5938051090518393,0.6519456435224434,-0.12600501667758593,0.32163456529047757
3.87,0.5260513414118666,0.6130899350062272,0.6334384273737838,-0.12900996530846962,0.3229175086333483
3.88,0.5222470516799598,0.6042781541066079,0.6421955561925263,-0.13179629620803215,0.3242041104563941
3.89,0.5184599418837261,0.5904417516260078,0.6413364536589803,-0.13435066639900461,0.32548868955035254
3.9,0.5146900904961815,0.5916742566969627,0.6395083374286195,-0.13645337695676985,0.3267759886075113
3.91,0.5109375728404846,0.5992714530771115,0.6358349912075101,-0.1390664444885393,0.3280684579991215
3.92,0.5072024611332863,0.608339804056795,0.6559035932021589,-0.1419953770454785,0.3293756570934152
3.93,0.5034848245278067,0.6057205392150891,0.6625385667400411,-0.1443909211470529,0.33068756506284513
3.94,0.49978472915663713,0.5778641629742391,0.6636248109951706,-0.14723482228592027,0.33199279710874635
3.95,0.4961022381742602,0.602201298684086,0.6397444639855124,-0.1504079359424101,0.33330349934806963
3.96,0.4924374117992891,0.5912454751396518,0.634457563010608,-0.15288325155534133,0.33461160042836363
3.97,0.4887903073564199,0.5574962121017815,0.639563694213885,-0.15502037175736405,0.33591162108106143
3.98,0.4851609793180939,0.6205009938606146,0.6625542696646594,-0.1571070729801438,0.33724725915754716
3.99,0.48154947934586856,0.5979438268912395,0.6549442562072364,-0.1596394850402709,0.3385746967431326
4.0,0.4779558563314938,0.5982891401861962,0.6499664288482032,-0.16240822706804545,0.3399043691885663
4.01,0.4743801564376888,0.6029154646735784,0.6607193331171876,-0.16466612819959833,0.3412429610684011
4.0200000000000005,0.4708224231386207,0.583691373945347,0.6726379121017522,-0.1669022463080505,0.34258123354672043
4.03,0.46728269726008087,0.5699661065194014,0.6648234515974398,-0.16970961841964693,0.34391518923455383
4.04,0.4637610170193538,0.5873072998451809,0.6524552868316992,-0.1717441471991597,0.34525459854159324
4.05,0.46025741806478365,0.5752178241643721,0.6559689463121521,-0.17417138606339894,0.34659388473963065
4.0600000000000005,0.456771933515028,0.5989693271414837,0.6698443054415306,-0.1767946096166035,0.3479514393733013
4.07,0.45330459399800493,0.5683843971402531,0.6928687933014923,-0.17896358172609253,0.34930756401278756
4.08,0.449855427689524,0.6018286229902468,0.671637475388098,-0.18117592908292943,0.35067321681399904
4.09,0.44642446035160693,0.5497692781587464,0.6495841372870315,-0.18344388789922175,0.3520133710286628
4.1,0.4430117153704915,0.5904967257639804,0.6402728171276426,-0.18500458342016032,0.35336849311797136
4.11,0.4396172137943187,0.5774232596282752,0.6608120633299159,-0.1876121418378591,0.3547294705530271
4.12,0.4362409743705042,0.5924078536681966,0.6889972192429988,-0.18964885833338763,0.35610974083395164
4.13,0.43288301358278797,0.5931215596794432,0.6263385608592694,-0.19191914884035688,0.3574707037721787
4.14,0.42954334568796654,0.5739107806035612,0.6974840349670149,-0.19408601683448656,0.3588525076242393
4.15,0.42622198275230333,0.588133369980886,0.6806799309040228,-0.19654322506396188,0.3602378846954243
4.16,0.4229189346876191,0.5790103937231071,0.6954224985506575,-0.1993415420280784,0.3616287572598036
4.17,0.41963420928705714,0.6135744178547602,0.6671485548876972,-0.20220216260709953,0.36302794958591056
4.18,0.41636781226052894,0.5632234886098986,0.6734900941759262,-0.20458728160632814,0.3644119415464111
4.19,0.4131197472698343,0.5692438383337912,0.6820302251210447,-0.2070701959430337,0.36580506352692715
4.2,0.4098900159634603,0.5824614160135976,0.6583112717551486,-0.2099170789622542,0.36719933168075214
4.21,0.40667861801105243,0.5866630823465382,0.7027876900421215,-0.21214572784584076,0.36861490232320193
4.22,0.403485551137565,0.5457283047521763,0.6754081582009672,-0.2145066235288359,0.37000659381477596
4.23,0.4003108111570857,0.537247215278855,0.7126646398664749,-0.2165212561623909,0.3714101216081526
4.24,0.3971543920063366,0.5907010518567531,0.715597879309015,-0.21866509687575725,0.3728418529505852
4.25,0.3940162857778482,0.5555804832062826,0.6649422846774029,-0.22093816592652119,0.3742434176746793
4.26,0.3908964827528126,0.5518876057215182,0.6800393254678457,-0.22309336660201193,0.37565180339451243
4.2700000000000005,0.3877949714336106,0.5604373935027079,0.6805639561537923,-0.2251403254400691,0.37706701869888165
4.28,0.3847117385760157,0.5458294556740916,0.6937379168809101,-0.22761707835881287,0.3784841378949641
4.29,0.38164676922107305,0.5413342795203799,0.672048464806939,-0.22954390601032829,0.3798947480282456
4.3,0.37860004672665726,0.5744878109516545,0.6777365887549698,-0.23166057709728496,0.38132456152911365
4.3100000000000005,0.37557155279870597,0.5494432669164703,0.6888729814775278,-0.23401578247141422,0.38275098715317146
4.32,0.37256126752213353,0.5594669005810471,0.6718896512551982,-0.2360829836743682,0.38417881985908375
4.33,0.3695691693914192,0.5309253055843836,0.6871931860016788,-0.23773711932521194,0.3856021113348193
4.34,0.36659523534087823,0.5486360103955042,0.7162338182641852,-0.23954642150740071,0.3870458866328824
4.3500000000000005,0.36363944077461086,0.5652388043589742,0.6875584646304284,-0.24131005560932142,0.38848953347511184
4.36,0.3607017595961333,0.5287773326537144,0.6772943956345556,-0.24307727315711902,0.3899164548730938
4.37,0.3577821642376879,0.5486433944583012,0.7303726075332311,-0.2443950430624049,0.3913724062481664
4.38,0.3548806256892375,0.5496241213840475,0.6963121692985131,-0.2460462505963311,0.3928193186402109
4.39,0.3519971135271433,0.5652741113988796,0.7013199187691217,-0.2472691889703997,0.3942768258959485
4.4,0.34913159594252524,0.5529980221529807,0.7113953631614114,-0.2490854018396597,0.395735101846389
4.41,0.3462840397693106,0.5366552746142373,0.7034123684898494,-0.25016230096391406,0.39718481070295797
4.42,0.3434544105119651,0.5713678942346192,0.6790983203179927,-0.25167265229422997,0.3986435041821438
4.43,0.3406426723729154,0.5390316084591079,0.678100633326431,-0.25327054740415983,0.40009020265123446
4.44,0.33784878827965786,0.5160848093510337,0.716332635804289,-0.254625467445548,0.4015415795559258
4.45,0.3350727199115601,0.5478209063133377,0.7425438742818352,-0.25614795984924077,0.4030190648405662
4.46,0.33231442772634984,0.5404508742777874,0.681643824380274,-0.25763674189292324,0.4044741064344436
4.47,0.3295738709863002,0.5551977902505874,0.7440845717865527,-0.2590369129524831,0.4059600521383954
4.48,0.3268510077841067,0.5414518453191076,0.6988570297978984,-0.2606834471806356,0.40742606686775745
4.49,0.3241457950684621,0.552010375944792,0.7317157402164236,-0.26199246523092934,0.40891051996742017
4.5,0.3214581886693245,0.512726847300215,0.7019548073770289,-0.2636161337676095,0.4103690623723281
4.51,0.31878814332288724,0.5349829339775958,0.7075068513294154,-0.2652116671979074,0.4118419475325145
4.5200000000000005,0.3161356126962468,0.5480571627143814,0.6887551323266075,-0.26696214480684866,0.4133168047144175
4.53,0.31350054941177335,0.5276631417396174,0.7024248776148339,-0.26834461012961774,0.41478933520558314
4.54,0.3108829050711827,0.5587269246443322,0.7316256089094241,-0.2696989370310858,0.4162886355973641
4.55,0.30828263027931435,0.5094248755766075,0.7310993432550461,-0.2716835595189079,0.4177673542624135
4.5600000000000005,0.3056996746676149,0.5442544524405841,0.7122329271921043,-0.2733604650992345,0.41925845509492493
4.57,0.3031339869173307,0.5311778648873466,0.7040040859487219,-0.27520607597537655,0.4207434709134905
4.58,0.3005855147824078,0.5268686087964624,0.6940725158191196,-0.2763625258296512,0.42222488128929603
4.59,0.2980542051121056,0.543706142293831,0.7308502836808662,-0.2774376444409553,0.42372851796754823
4.6000000000000005,0.29554000387332224,0.5315774435130028,0.7296277345872932,-0.2789209402468543,0.425228204787145
4.61,0.2930428561726359,0.5293177864425437,0.7320281664711861,-0.2806176544336648,0.4267302274729285
4.62,0.29056270627806124,0.5611103346557963,0.7162214251871566,-0.28197832316025656,0.4282437495714046
4.63,0.28809949764052595,0.5646814654843427,0.7489104282770386,-0.28311382605728713,0.4297728385681037
4.64,0.28565317291506664,0.5162411934942438,0.7039208203002973,-0.284719946299326,0.4312654097108675
4.65,0.2832236739817473,0.5286873460057379,0.7061531510977871,-0.28594536730186426,0.4327663166796441
4.66,0.28081094196630235,0.5116834636103637,0.6927369132251749,-0.2876218031214166,0.4342574841290392
4.67,0.27841491726050394,0.5084581483813626,0.7252919847779714,-0.2893475056645187,0.4357606000493624
4.68,0.2760355395422591,0.5418492139996374,0.7288984938491305,-0.2906297882167924,0.4372828325753807
4.69,0.2736727477954357,0.5302865137872164,0.7184502892566446,-0.29207118717147484,0.4387980963751585
4.7,0.2713264803294201,0.5418670168108587,0.7284451838990306,-0.2933952640986474,0.4403244252403859
4.71,0.2689966747984097,0.5112696763446217,0.7605111402521463,-0.2955488102774196,0.441850181283044
4.72,0.2666832682204382,0.5439510735467729,0.7604126192212163,-0.2965558574353239,0.44339389227673504
4.73,0.2643861969961433,0.5279437785392442,0.7442955342010877,-0.297727328914108,0.44492572009362874
4.74,0.26210539692726914,0.5063628278824368,0.7008933710104042,-0.2985999238546329,0.4464338783499136
4.75,0.25984080323491343,0.5147177226985254,0.7253812562075105,-0.29979549080372714,0.4479559793748784
4.76,0.2575923505775176,0.5614116263596814,0.7228189511157157,-0.3007875860768583,0.4495010483878996
4.7700000000000005,0.2553599730686022,0.5331497238666976,0.7381441995628428,-0.30309756045751446,0.4510415613119231
4.78,0.25314360429425126,0.5446215705149692,0.740117391885498,-0.30448691640150527,0.45259056206387743
4.79,0.25094317733034355,0.5215653711760098,0.731866966904333,-0.3058836386254856,0.45412754853770365
4.8,0.2487586247595407,0.4973094625943019,0.7260221032551532,-0.3076828830936151,0.4556536632172735
4.8100000000000005,0.24658987868802293,0.5459453753616355,0.7031150385359425,-0.30885220054631485,0.4571966619521022
4.82,0.2444368707619875,0.5325655437716055,0.7283349587263054,-0.31019780636478184,0.458744417825549
4.83,0.2422995321838989,0.5313223511078446,0.7496393543988522,-0.3114771755613017,0.46030109562721244
4.84,0.24017779372850373,0.5243043816097496,0.7383408000242186,-0.31236422036863226,0.4618517007821493
4.8500000000000005,0.2380715857586054,0.5271784764112414,0.7653334866461818,-0.31384166268964725,0.46341551484216187
4.86,0.23598083824060415,0.529048233912299,0.737683324245279,-0.31540720151746493,0.4649729531231445
4.87,0.23390548075980339,0.48366619896213225,0.7297511216163748,-0.31684570404504775,0.4665078340647265
4.88,0.2318454425354825,0.5519181318175799,0.7303111050338086,-0.31803568469564575,0.4680779364113029
4.89,0.2298006524357447,0.5357991174021396,0.7151217432417745,-0.31938305804308453,0.4696368219405303
4.9,0.22777103899213133,0.5033773359001965,0.7552636481175719,-0.32053274038763413,0.4711955096070638
4.91,0.2257565304140176,0.5172975790612252,0.7182018045149328,-0.3218330265564773,0.47275044548930945
4.92,0.22375705460277912,0.48412266719523944,0.7791384101891338,-0.3226079366339815,0.47431037376028545
4.93,0.22177253916574105,0.5154283284218862,0.7316338161016332,-0.3234637798311165,0.47587157336739166
4.94,0.2198029114299069,0.522037577178339,0.7366285374264397,-0.32424319184602163,0.47743896856781787
4.95,0.21784809845547082,0.5357182934526186,0.7372163549352294,-0.3248600278372188,0.47901429996914763
4.96,0.21590802704911505,0.5139773404301247,0.7582086190068534,-0.32608353655173083,0.48058803079494467
4.97,0.21398262377709287,0.5084026743825556,0.7678081451865636,-0.3271070377999599,0.4821638045523626
4.98,0.2120718149781046,0.5057759373880449,0.763577552612209,-0.32814514136314216,0.4837384133273254
4.99,0.21017552677596119,0.512057349754768,0.7856832029246568,-0.32951193592002526,0.4853260183881803
5.0,0.20829368509204327,0.505062284126276,0.7349912084003798,-0.3307086806916796,0.48689458905346306
5.01,0.20642621565755517,0.5218501184573243,0.7712515027696442,-0.331638996837768,0.4884856555669696
5.0200000000000005,0.20457304402557663,0.516231565831959,0.7776068162453191,-0.3324910674428286,0.49007735438928335
5.03,0.20273409558291514,0.5137794667439706,0.7449171697683062,-0.3337809662851334,0.4916584680970124
5.04,0.20090929556175666,0.5116829181990006,0.7625250458879322,-0.3346241122330069,0.49324592779574766
5.05,0.19909856905112527,0.5463369784704125,0.7700404662402851,-0.3357322345032385,0.4948558267787197
5.0600000000000005,0.19730184100814308,0.4860408993681133,0.7078601894567463,-0.3368275469478533,0.496415774770067
5.07,0.1955190362691033,0.527197432797316,0.7533961120387094,-0.3379353571467197,0.49801320195781784
5.08,0.1937500795603482,0.48106825391489466,0.75859427348165,-0.3388633325097757,0.49959032736564435
5.09,0.19199489550896243,0.5703074215290304,0.745719861043735,-0.3396487933090576,0.5012095811827585
5.1000000000000005,0.19025340865327903,0.4975715405256015,0.7318362968819796,-0.34043783246886483,0.5027886426741294
5.11,0.1885255434532009,0.5050797710428891,0.7383125172548636,-0.3408317790482648,0.5043742272141779
5.12,0.18681122430034172,0.5097496785833222,0.766243015331016,-0.3420982224605767,0.5059737663256516
5.13,0.18511037552798368,0.5152462532493004,0.7633187073877531,-0.3433229000959665,0.507577078410952
5.14,0.18342292142086153,0.4833408442276574,0.7704499098426957,-0.34495131770214915,0.5091688033507763
5.15,0.18174878622476567,0.5365975924331404,0.7573192440870973,-0.345573524238914,0.5107845849545444
5.16,0.1800878941559757,0.5002194001356077,0.7576107253858192,-0.346513584372346,0.5123832308271323
5.17,0.17844016941051766,0.5120673515064634,0.7613970236670701,-0.3470655733183576,0.5139901578154782
5.18,0.17680553617325362,0.5405163381850647,0.7817914889504015,-0.3487680782910029,0.5156221100507566
5.19,0.17518391862680188,0.486072182747563,0.7654925043041465,-0.3497962558268324,0.5172212794797201
5.2,0.1735752409602911,0.5271073448226278,0.7897946524560473,-0.3507472137966486,0.5188521028791693
5.21,0.17197942737795027,0.5356517688200856,0.7259221464730613,-0.35156761771186645,0.5204654664952246
5.22,0.17039640210753404,0.5122419143079519,0.7604391141788135,-0.3525059095174874,0.5220807904199786
5.23,0.16882608940859106,0.49048539348934184,0.8179457618149352,-0.35308780430507325,0.5237050036783858
5.24,0.1672684135805701,0.5437892887422634,0.7518845275868961,-0.3543530331156638,0.5253364946256663
5.25,0.16572329897077057,0.5256724662731168,0.7376438447359706,-0.35545698412875826,0.5269553083491453
5.26,0.16419066998213863,0.4901151240936763,0.7525770901170282,-0.356474997785816,0.5285628594373103
5.2700000000000005,0.16267045108090877,0.499078606306136,0.757041565155986,-0.35701998043873145,0.5301773840497421
5.28,0.16116256680409577,0.5169240162156106,0.7719230236335946,-0.3578968614763513,0.5318077972360239
5.29,0.1596669417668341,0.5106497330226613,0.7788027803002073,-0.35842441090906685,0.5334381424574761
5.3,0.15818350066957396,0.4850932980062994,0.7404714043500538,-0.3592844732048301,0.5350435895415658
5.3100000000000005,0.15671216830512674,0.4922740179846023,0.7546132610525399,-0.35999957694993345,0.5366585269306507
5.32,0.15525286956557088,0.5214987072037598,0.7904519300489066,-0.36056465644870406,0.5383022799539054
5.33,0.15380552944901157,0.5099515155982928,0.7622629731501407,-0.36160029961729767,0.5399315508647246
5.34,0.15237007306620215,0.45162500378945014,0.7336420309796153,-0.3623310465173899,0.5415229337500598
5.3500000000000005,0.15094642564702612,0.5473138266817544,0.7875901308498007,-0.3630973131575337,0.5431837773752227
5.36,0.14953451254684222,0.5015306126033292,0.7564524925493338,-0.36417616054397367,0.5448107728719072
5.37,0.14813425925269444,0.4891853771618684,0.7845372605599708,-0.3655486107228438,0.5464429772296527
5.38,0.14674559138938692,0.4923879742993115,0.7811993527639994,-0.36626092190214093,0.5480769178776832
5.39,0.14536843472543012,0.5079961125215923,0.7617526641032808,-0.3671314800978221,0.5497138419756673
5.4,0.14400271517885305,0.4772934197329783,0.7575865137231578,-0.3677020269460429,0.5513342968549608
5.41,0.14264835882289084,0.4925845583698869,0.7568473022551097,-0.36790687372733444,0.5529627522827727
5.42,0.14130529189154203,0.5104041313895715,0.7714823677941404,-0.3686087885404523,0.5546067241122898
5.43,0.13997344078500318,0.5108606738487488,0.7340798039815741,-0.36927174178948813,0.5562388706272697
5.44,0.13865273207497902,0.4796792184800538,0.7651781764421715,-0.370174306380844,0.557866996956488
5.45,0.13734309250987076,0.49681005927031263,0.7678589106549214,-0.3709557829518234,0.5595062822682542
5.46,0.13604444901984492,0.5077182637430101,0.7778342337544978,-0.3717964140227259,0.5611561756074281
5.47,0.13475672872178157,0.4877919644966836,0.7781884283842238,-0.3726089783472774,0.5627968165924068
5.48,0.1334798589241088,0.5299920507004835,0.769431136276322,-0.37315909226885685,0.5644578062864256
5.49,0.13221376713151853,0.5141686513497592,0.7954797121462068,-0.3735213940814216,0.566120225671957
5.5,0.13095838104957044,0.47517628652591903,0.8030431566196825,-0.37400032284009155,0.5677644726245861
5.51,0.12971362858918287,0.4832994906841366,0.7821318684958901,-0.3746287748011194,0.5694072622274109
5.5200000000000005,0.12847943787101315,0.47212879743846625,0.7830680306581415,-0.37524666914887006,0.5710453385222721
5.53,0.12725573722972935,0.4937421421591499,0.76498697440957,-0.376523088240056,0.5726909670459277
5.54,0.1260424552181721,0.4929096907882048,0.7889057769174309,-0.37674729794875844,0.5743446514292119
5.55,0.12483952061141382,0.4899354454064925,0.786124715598764,-0.3768231771431637,0.5759958966708394
5.5600000000000005,0.12364686241070932,0.48961345697119335,0.8191718435239986,-0.37746244711249827,0.5776591911069102
5.57,0.12246440984734705,0.49260136578682884,0.7726904329601288,-0.37810183535232395,0.5793093745121843
5.58,0.12129209238639489,0.4640768730075397,0.7843341648323986,-0.3793763679404774,0.5809501447105268
5.59,0.12012983973034869,0.5292314664367345,0.7780971793971851,-0.3800695745502438,0.5826251062746377
5.6000000000000005,0.11897758182267991,0.4748694661045256,0.7668613737935926,-0.3811592477268376,0.5842688547795679
5.61,0.1178352488512872,0.49317546112852156,0.7868034009338569,-0.38202078641458365,0.5859304796846432
5.62,0.11670277125185125,0.46008163763336046,0.7841683737418752,-0.3828397695304512,0.5875746025296932
5.63,0.11558007971109448,0.5003047910158146,0.8274389694508298,-0.3834067493576685,0.5892565061991523
5.64,0.11446710516994953,0.4767629513655447,0.7363536732888749,-0.3837927911998254,0.5908954746964051
5.65,0.11336377882663304,0.48532409858061537,0.8266593384594694,-0.3841607333114973,0.5925697058565221
5.66,0.11227003213963206,0.500046383448431,0.7796953769628304,-0.38482596590378587,0.5942371536430326
5.67,0.11118579683059837,0.4808459141316512,0.7856434492976196,-0.38563798142929323,0.5958975189922535
5.68,0.11011100488715707,0.5065588935824236,0.7644421255565641,-0.3863675620438997,0.5975656249840887
5.69,0.10904558856562784,0.49932219497011027,0.7765226221590507,-0.3868490503665527,0.5992348583289138
5.7,0.10798948039366119,0.4991339807633456,0.7668284611937694,-0.38758188709424496,0.600901818034331
5.71,0.10694261317279102,0.4921375965398485,0.8112936490828667,-0.3887615916016343,0.6025821814602388
5.72,0.10590491998090365,0.5108232090080843,0.8092141038327749,-0.3900879173161005,0.6042745530274154
5.73,0.10487633417462736,0.4745376228082605,0.7940611292600822,-0.39064955470740054,0.6059423592769756
5.74,0.10385678939163993,0.5006193624474744,0.7955181087657084,-0.3910790486711515,0.6076257852534981
5.75,0.10284621955289858,0.4518616839599058,0.7859394062719042,-0.3919720416860451,0.6092807142012796
5.76,0.10184455886479186,0.5102888524706551,0.7897605582453008,-0.39223775938165667,0.6109693487553304
5.7700000000000005,0.10085174182121519,0.5000211664793521,0.791907542951083,-0.39276370228598356,0.6126539260600049
5.78,0.09986770320557192,0.46169918063392285,0.8223617606530272,-0.39328030078169224,0.614327993768428
5.79,0.09889237809269863,0.48572124996611404,0.7966517915207063,-0.39367198777336004,0.6160077578791635
5.8,0.0979257018507203,0.4945035769847973,0.8098961877379527,-0.3939643886369854,0.617697454633719
5.8100000000000005,0.09696761014283097,0.48850861191592015,0.8026788020225392,-0.39472748450236717,0.6193825395668805
5.82,0.09601803892900683,0.4726619244799043,0.7841446214478295,-0.394794330827745,0.6210527727243026
5.83,0.0950769244676474,0.4768902066938238,0.7980290884528807,-0.3953126407342676,0.6227307599240229
5.84,0.09414420331715027,0.49482044406842496,0.7842038560720908,-0.39534957920708613,0.6244140134806925
5.8500000000000005,0.09321981233741805,0.4736981214368182,0.7730960917695892,-0.3957393287053636,0.6260827073421514
5.86,0.09230368869129953,0.481040393362166,0.7991111542692527,-0.3962567062002438,0.6277649013724251
5.87,0.09139576984596617,0.49141768623600385,0.8029007497246266,-0.3961484156831745,0.6294540102183629
5.88,0.09049599357422397,0.46351262359195294,0.7933729175375025,-0.3968779128968995,0.6311256087180431
5.89,0.08960429795576427,0.47009112639222084,0.7648097471747252,-0.39775442546877726,0.6327929265883784
5.9,0.08872062137835073,0.43267391488295265,0.8328399550576655,-0.39808970619120093,0.6344613553183478
5.91,0.08784490253894815,0.45883392592530636,0.7733839103973045,-0.39854059261255004,0.6361267018705852
5.92,0.08697708044478951,0.4329467835597036,0.771451738343446,-0.3990691665154309,0.6377784679996973
5.93,0.08611709441438571,0.4844346144953312,0.7817484085243249,-0.3995660019807734,0.6394620733944939
5.94,0.08526488407847768,0.5003090956722864,0.7819518835323781,-0.3998249783291372,0.6411548453697592
5.95,0.08442038938093156,0.4615817398704459,0.8125207874336636,-0.40026075882933126,0.6428370274056606
5.96,0.08358355057957886,0.46457144203359857,0.8327015382133189,-0.4007066031851176,0.6445281821477076
5.97,0.08275430824700104,0.43023757064494583,0.8005211555116184,-0.4017555929585434,0.6461914909499819
5.98,0.08193260327126216,0.48281898910117493,0.7972446354520003,-0.4017232986149597,0.6478829589622142
5.99,0.08111837685658731,0.4611837478504342,0.8219653210396504,-0.4021613434733959,0.6495710525915823
6.0,0.08031157052399002,0.461922604406507,0.7937517391321988,-0.40306318457689544,0.6512519417791387
6.01,0.07951212611184892,0.47514893707037065,0.8063259961743696,-0.4036873547165867,0.6529453574182726
6.0200000000000005,0.07871998577643445,0.46150050319176256,0.8040046815889693,-0.4044204848509129,0.6546315247658463
6.03,0.07793509199238693,0.4806069650854756,0.7785482413166602,-0.404703338459161,0.656320338301772
6.04,0.07715738755314544,0.4750282604733478,0.7916080692807492,-0.4055511660388544,0.6580118364305998
6.05,0.07638681557133149,0.47143899245234094,0.834135190552349,-0.4059271895985343,0.6597160135721366
6.0600000000000005,0.07562331947908432,0.4898768632756267,0.7646468189815958,-0.40635695062030774,0.6614078102849625
6.07,0.0748668430283527,0.47241358077582635,0.8133704972093998,-0.40740238033854353,0.6631080878032956
6.08,0.07411733029114047,0.44444081962371434,0.8255920074778412,-0.40815988331112385,0.6647974720494101
6.09,0.07337472565970951,0.4947180218386566,0.817804517601515,-0.40830376352988973,0.6665135328231144
6.1000000000000005,0.07263897384673937,0.48531538220079096,0.7864172260607957,-0.40870366829942895,0.6682141257024403
6.11,0.07191001988544504,0.47735349223776374,0.8248798967155472,-0.40899885966277916,0.6699237046274168
6.12,0.07118780912965343,0.45148018694003184,0.8256125575901582,-0.4095496916459505,0.671619432483189
6.13,0.07047228725383874,0.45554625211681615,0.8016699790656658,-0.40962773397608354,0.673310002704002
6.140000000000001,0.0697634002531196,0.47179452026870283,0.7966674241221682,-0.4103456045009585,0.6750092164372924
6.15,0.06906109444321602,0.48209517888073217,0.8173674712488433,-0.41098539377784016,0.6767222629743402
6.16,0.06836531646036875,0.44087038455753436,0.7974260903474145,-0.41101357908399977,0.6784055659189485
6.17,0.06767601326122147,0.513921962025736,0.7926039288942416,-0.41134024877820075,0.6801285723582312
6.18,0.06699313212266601,0.4571493921600698,0.8185098066970042,-0.41216745728548204,0.6818295884331057
6.19,0.0663166206416521,0.47981585636443425,0.8144019857062678,-0.412907453759063,0.6835434796778672
6.2,0.06564642673496175,0.473793611176026,0.7891468396011759,-0.4133113641559413,0.6852461668878338
6.21,0.06498249863894948,0.5011210923147398,0.7968707610872576,-0.41341859117252566,0.6869669421122903
6.22,0.06432478490924823,0.4552072919786088,0.816576131556098,-0.41450429970187813,0.6886700521956591
6.23,0.06367323442044354,0.4507417043944825,0.7804416989958863,-0.4147398800596615,0.6903595791853777
6.24,0.0630277963657142,0.45813209956458556,0.8064408626357288,-0.41491895047024396,0.6920617852682206
6.25,0.062388420256441916,0.43883368665497685,0.8014053610163969,-0.4150139547187892,0.6937516937311694
6.26,0.06175505592179004,0.49867018800048646,0.8040880214895272,-0.415241046282468,0.6954766371113127
6.2700000000000005,0.06112765350825186,0.48700626229276484,0.838545785239547,-0.415602605762349,0.6972074166620664
6.28,0.06050616347916984,0.46645576143633427,0.8241980117947302,-0.41590251379186577,0.6989217852899874
6.29,0.05989053661422465,0.4563903253849563,0.8098426949879196,-0.415902565574687,0.7006257070064752
6.3,0.059280724008897785,0.4946159463485657,0.7977987622659864,-0.4159710683866832,0.7023473517009858
6.3100000000000005,0.058676677073904414,0.49117707961751467,0.8140369670318421,-0.41648992885014374,0.7040735509143734
6.32,0.058078347534601275,0.45075928020495415,0.826057849475139,-0.4172029526509245,0.7057815376088856
6.33,0.05748568743036626,0.48038765864716887,0.8294478148267307,-0.4180870635083081,0.7075093973977085
6.34,0.056898649113953426,0.4700041736061796,0.8208498579230535,-0.4182735854251827,0.7092286210715587
6.3500000000000005,0.05631718525082221,0.4481074563488207,0.7863225229382168,-0.41920162780588194,0.710925841892291
6.36,0.05574124881844218,0.4666533712218504,0.823699667645347,-0.4195884022759331,0.7126462285217315
6.37,0.055170793105573844,0.46864587505393357,0.8388281490056959,-0.419714865316711,0.7143729950490014
6.38,0.05460577171152529,0.4863644045041672,0.844986747948421,-0.4201812946520224,0.7161131943843387
6.390000000000001,0.05404613854538695,0.4755552252124817,0.836511311745427,-0.4208170510001113,0.7178451056713652
6.4,0.05349184782524323,0.4373594349383252,0.8192573662834186,-0.4212011370481387,0.7195497783274756
6.41,0.052942854077362315,0.45209302408351326,0.8122747625176268,-0.4213460783002018,0.7212609583542945
6.42,0.052399112135365196,0.46935431107240794,0.8143599208128096,-0.42167960488009404,0.722983266611306
6.43,0.05186057713937333,0.4383007404308367,0.8540765474349138,-0.4221621701223966,0.724700805764404
6.44,0.051327204535136575,0.4865580713979214,0.8008118493276725,-0.42183865172161067,0.726428622154355
6.45,0.050798950073141,0.44931637351918763,0.8072705023872151,-0.4220438553638,0.7281377780886049
6.46,0.05027576980769794,0.4480495084284683,0.8025813858624199,-0.42276575886527834,0.7298459215203701
6.47,0.049757620096013463,0.4584159464418551,0.7973203858196954,-0.42316473758660667,0.7315588792443274
6.48,0.04924445759724092,0.44406279369426555,0.8078480900223312,-0.42403541508581116,0.7332685012907771
6.49,0.048736239271514534,0.44658620656224934,0.8167337436298867,-0.4241319469548299,0.7349825119962723
6.5,0.048232922378966446,0.5023601425312214,0.7912062968033154,-0.424577328747772,0.7367204077584597
6.51,0.047734464478726646,0.47222947784501157,0.8125729326750697,-0.42515043654432644,0.7384495032526597
6.5200000000000005,0.04724082342790682,0.4784218648458534,0.81989698140435,-0.42557301864150887,0.7401853474845901
6.53,0.0467519573805683,0.4509959713055326,0.7922339781539938,-0.4259575351967809,0.7418971124006951
6.54,0.04626782478667406,0.44995865367627363,0.8229689709979662,-0.42575266541651907,0.7436177130358805
6.55,0.045788384391026775,0.43810284591357856,0.8225704551177692,-0.42567436292325195,0.7453311793365206
6.5600000000000005,0.04531359523219116,0.4559441138374805,0.8399811340951346,-0.425997594121211,0.7470611530957538
6.57,0.04484341664140339,0.4777407360019895,0.8224872464967088,-0.4268438885330221,0.7487995840579247
6.58,0.04437780824146574,0.48992070008859756,0.8119032237106668,-0.4266343724952925,0.7505411007606895
6.59,0.04391672994562863,0.4323251579685254,0.8146275622859881,-0.4270448897831372,0.7522510541510898
6.6000000000000005,0.0434601419564596,0.41805733223888386,0.8333404232229906,-0.42705599758342755,0.75395835252119
6.61,0.043008004764699834,0.4802675401521688,0.8390012527101884,-0.4271795010412137,0.7557044558290431
6.62,0.042560279148108775,0.449000066577682,0.8199655145038129,-0.42746808173656153,0.7574263738711708
6.63,0.042116926170296505,0.4704011513053427,0.8115387194437738,-0.42721679004758667,0.7591574874234195
6.640000000000001,0.04167790717954572,0.47564840737805214,0.8220844795127826,-0.4271483232096337,0.760895064896638
6.65,0.041243183807622076,0.4851395238808105,0.7876457421107266,-0.42771848428653075,0.7626272696474523
6.66,0.04081271796857417,0.45745581334725965,0.8006912557041007,-0.4278891308354601,0.7643485510584763
6.67,0.040386471857523545,0.4648153711973419,0.8313450505448465,-0.4280882159706089,0.7660844194911332
6.68,0.039964407949444655,0.4426873350354067,0.8556068513000725,-0.4281901857623003,0.7678150292344319
6.69,0.03954648899793545,0.4435468299664534,0.8344938614964051,-0.42866750436564177,0.76954031967705
6.7,0.039132678033978865,0.45646947919456027,0.841879146365161,-0.4294428906131909,0.7712769197564575
6.71,0.038722938364695536,0.4300293009930586,0.8649859930277634,-0.42948295481779386,0.7730048526162655
6.72,0.038317233572087765,0.4238160464951512,0.839490543239536,-0.42978088820599214,0.7747218444919057
6.73,0.03791552751177607,0.453384395717536,0.8518506021844544,-0.43004783699370525,0.7764608122995735
6.74,0.03751778431172724,0.48009772577591264,0.8281312498730387,-0.43018563181352587,0.7782080924154197
6.75,0.03712396837097522,0.4706089102055714,0.8389639240192313,-0.43077976782522964,0.7799543946224331
6.76,0.03673404435833491,0.4931345033749388,0.8294467545788456,-0.4314505672134015,0.7817119404664
6.7700000000000005,0.036347977211108946,0.45152195691637076,0.823747683947793,-0.431809695465114,0.7834436975162424
6.78,0.03596573213378824,0.4641730116099943,0.8080722567727909,-0.4320200338117425,0.7851780320773448
6.79,0.0355872745967456,0.47959855779128713,0.8633982732843065,-0.4320991610732669,0.7869402726916246
6.8,0.03521257033492443,0.48089194068470853,0.873737284027319,-0.43260041350568923,0.7887077081518669
6.8100000000000005,0.034841585346520584,0.4449017050254722,0.8240479818775273,-0.4329067865608751,0.7904375100632174
6.82,0.03447428589166005,0.46102436468215957,0.7850026555634897,-0.433299832610417,0.7921646234754772
6.83,0.03411063849107038,0.46156476489046916,0.8123424650520845,-0.43341280243742175,0.7939011665341946
6.84,0.0337506099247481,0.4457251588976582,0.829560285669273,-0.4335351708797637,0.7956342289949623
6.8500000000000005,0.03339416723062117,0.4555556115314668,0.8573186896236759,-0.43336297755632786,0.7973817840998771
6.86,0.03304127770320727,0.4489388233112101,0.8267398080285322,-0.43347360465239154,0.7991157370962113
6.87,0.032691908892268084,0.44136901997827177,0.8294643641061517,-0.4337180391375753,0.8008465110997731
6.88,0.032346028601459374,0.4607563105520791,0.8485663056000415,-0.4335125075806464,0.8025946179674291
6.890000000000001,0.03200360488697827,0.4515930007491501,0.8158319803004206,-0.43390336976207045,0.8043273453154848
6.9,0.031664606056206565,0.47594790350472105,0.8301707359467176,-0.43412765725475333,0.8060794220332385
6.91,0.03132900066635123,0.46643732008348243,0.8295253411858386,-0.43463872315829866,0.8078265086349616
6.92,0.030996757523082098,0.46411635060904816,0.859104858075181,-0.43484815562547036,0.809582357680903
6.93,0.03066784567916695,0.4631776963568317,0.8353856970298057,-0.43556140731618287,0.8113309848245387
6.94,0.03034223443310414,0.4449843277207516,0.8409286957641391,-0.43607024026142344,0.8130713993054812
6.95,0.030019893327753188,0.469289828123125,0.8162090981810384,-0.43636345334466087,0.8148185865911965
6.96,0.029700792148963418,0.5007455265751559,0.8198921798004986,-0.43642154106968734,0.8165855207655902
6.97,0.029384900924200607,0.43905923677360176,0.8140756957856994,-0.4366620975681188,0.8183150178126676
6.98,0.029072189921172668,0.4604239884944887,0.8117950955430581,-0.43702973664900135,0.8200567175984235
6.99,0.028762629646453514,0.487414729381313,0.8402780270526662,-0.4373512296733526,0.82182449395102
7.0,0.028456190844106038,0.48936256306176834,0.8434414388793904,-0.4377867628924438,0.8235952809783793
7.01,0.028152844494304188,0.472079280238421,0.8000211165716614,-0.4379684524731725,0.8253413149259418
7.0200000000000005,0.027852561811954252,0.4993634991733032,0.8567233669122754,-0.4382588330670928,0.8271237143828011
7.03,0.02755531424531583,0.45382720160987405,0.8038078914003904,-0.4388093265619989,0.8288619845749052
7.04,0.027261073474621977,0.44370433308429674,0.8431300541487957,-0.4391062429857729,0.830607365174013
7.05,0.026969811410699884,0.4797992976634698,0.8295922965491376,-0.43810245072107445,0.832368147810773
7.0600000000000005,0.026681500193590824,0.46845660114048987,0.8429436482985628,-0.438601873441283,0.8341275082021737
7.07,0.026396112191171064,0.4599503464066634,0.8175287626063034,-0.4387174212354927,0.835873611071264
7.08,0.026113619997772414,0.4322173393568939,0.8470317367873706,-0.43907135742580405,0.837613247168087
7.09,0.02583399643280382,0.4688333829832289,0.8420999176747453,-0.4388790964164993,0.8393730140891006
7.1000000000000005,0.02555721453937342,0.47933626658645634,0.8409399439083864,-0.43901075125874456,0.8411389294376789
7.11,0.025283247582911537,0.42510413874559666,0.8297339679457054,-0.43937520421955223,0.842869578426938
7.12,0.025012069049794704,0.4718226460243836,0.8300038442604425,-0.4390984608684877,0.8446274320088271
7.13,0.024743652645970626,0.45476996619877647,0.818672710760679,-0.4395760386259672,0.8463723170323025
7.140000000000001,0.024477972295584884,0.4743235230825569,0.7910362413709138,-0.4398386860100038,0.8481197017821874
7.15,0.024215002139608727,0.473127569309633,0.8152110140432156,-0.4395379198971905,0.8498740642736758
7.16,0.023954716534468616,0.43739810226481624,0.8545579012358476,-0.44008109654170735,0.8516208371391321
7.17,0.02369709005067755,0.4802333730935721,0.8540066939631437,-0.4399972985706757,0.8533934398476815
7.18,0.023442097471468203,0.4445030655770468,0.8149159832248336,-0.4406137869814397,0.8551328840561108
7.19,0.02318971379142813,0.46741847768759426,0.8092071821162167,-0.4405155381216967,0.8568835531868065
7.2,0.0229399142151371,0.4549620688739335,0.8089187283877468,-0.44065973351750565,0.8586271921059991
7.21,0.0226926741558068,0.4682386809691871,0.8350333527656493,-0.44101053872245244,0.8603877907808987
7.22,0.022447969233922654,0.45325545872299755,0.791563971907451,-0.44140407991219227,0.8621260930876674
7.23,0.02220577527588864,0.432136667058803,0.861813239762772,-0.4419376525002272,0.8638749816318507
7.24,0.021966068312674322,0.44155580318451515,0.8207972189662621,-0.4422548674760409,0.8656172854971724
7.25,0.021728824578464877,0.4764001411936895,0.825076532802371,-0.4420749671403737,0.8673811419847387
7.26,0.021494020509313948,0.43320405528324174,0.8370620529104454,-0.4424907532516581,0.8691239728864757
7.2700000000000005,0.021261632741799416,0.4245459457440957,0.878531019518379,-0.44247284871829307,0.8708741470461654
7.28,0.02103163811168254,0.44331554455796307,0.8580166191771605,-0.4427097196572311,0.872629989769644
7.29,0.020804013652569765,0.45210248748749987,0.8400339107748077,-0.44310880867737457,0.8743860755709628
7.3,0.020578736594578543,0.49761198711216414,0.8546426048649624,-0.4435253602130578,0.8761754980231644
7.3100000000000005,0.020355784363005853,0.43037208040512903,0.8679270003111733,-0.44360615850261015,0.8779279526769953
7.32,0.02013513457700089,0.43949655563674045,0.8189462170022643,-0.44340905906262923,0.8796703911762561
7.33,0.019916765048240796,0.4656193926862006,0.8452193390793712,-0.443813788043908,0.8814374984868033
7.34,0.019700653779610416,0.46976459158189654,0.8437725523925867,-0.4439924504098829,0.883206927659197
7.3500000000000005,0.01948677896388577,0.4395293624566074,0.848577153327444,-0.4447162343901191,0.884960832478064
7.36,0.019275118982421374,0.4617713338752284,0.8377355950997228,-0.44447063054065505,0.8867242350676909
7.37,0.019065652403841574,0.46647546736621354,0.8301323360905148,-0.4444107355111342,0.8884878196143454
7.38,0.018858357982735743,0.44458665693890326,0.8054535676345382,-0.444741299643699,0.8902311671173236
7.390000000000001,0.01865321465835797,0.4410900398158062,0.8326428917262668,-0.4442867325999389,0.8919802911438497
7.4,0.018450201553330575,0.4658218211845337,0.8438039025926858,-0.44476723451922306,0.8937486423297518
7.41,0.018249297972352172,0.4406925484601881,0.824261932997007,-0.44516546928282485,0.895496360423269
7.42,0.018050483400909888,0.43250131291533145,0.8540160201197111,-0.44509912244369615,0.8972483267083013
7.43,0.017853737503996176,0.43915789204996103,0.8518031677682004,-0.4458921512241966,0.899004975885669
7.44,0.017659040124830154,0.4478901894488897,0.8432802301460426,-0.44606886253033673,0.9007645059174714
7.45,0.017466371283583304,0.46349868938095967,0.8241896610751174,-0.4465219369082344,0.9025278762607108
7.46,0.017275711176110074,0.4565490380098411,0.8229009910928454,-0.4465542904866247,0.9042867849241216
7.47,0.017087040172682866,0.461647506994373,0.8583517969263325,-0.4468177513441392,0.9060608569661789
7.48,0.016900338816732217,0.49583505474013106,0.8107139537258669,-0.4471273088595509,0.9078395586648811
7.49,0.016715587823591418,0.4917238986030055,0.8429511216916614,-0.4477661062739723,0.9096283424252225
7.5,0.016532768079246148,0.453093082811028,0.8335429086705696,-0.44875265588444097,0.9113923328754935
7.51,0.016351860639089204,0.4573846344460945,0.8302745308720586,-0.4487265386321002,0.9131577699853981
7.5200000000000005,0.016172846726680026,0.4774304115068448,0.8496042504725201,-0.4482941948442291,0.9149410517950448
7.53,0.015995707732509343,0.43155721480073717,0.8568523928167604,-0.4493009804667138,0.9167003142211126
7.54,0.015820425212768892,0.4630706142237989,0.8079503279329248,-0.4492682795966842,0.9184626369123311
7.55,0.015646980888126476,0.4922949201871974,0.8013541454205059,-0.4492977768695993,0.9202396047248
7.5600000000000005,0.01547535664250587,0.458489526256832,0.8511716617393518,-0.4496242501333566,0.9220140685022237
7.57,0.015305534521872378,0.4297205954080224,0.8494282765695201,-0.4496431773824299,0.9237704985912193
7.58,0.015137496733023358,0.420430320037082,0.8317919127175293,-0.44972690813564015,0.9255161578762738
7.59,0.014971225642384317,0.4322478643039778,0.7927965600853049,-0.4496035421223846,0.9272566165744773
7.6000000000000005,0.014806703774810111,0.45464780796738985,0.8496560665818622,-0.4497073228779055,0.9290283789939
7.61,0.014643913812391938,0.43893566540653944,0.853547115336901,-0.44956198145877274,0.9307915596740968
7.62,0.014482838593269485,0.44180517934745267,0.8285431134050615,-0.44967349790886096,0.932548781297415
7.63,0.014323461110448608,0.43768298573383174,0.8762665573749433,-0.44929635614409935,0.9343178724085184
7.640000000000001,0.014165764510624738,0.44226018636460285,0.8441848670289974,-0.44918926698705575,0.9360794992522548
7.65,0.0140097320930116,0.46463737346607026,0.8108979524943886,-0.4497046802510549,0.9378444360331613
7.66,0.013855347308175737,0.4261231562536122,0.8722433996841553,-0.4498660880804353,0.9396060006713431
7.67,0.01370259375687644,0.4305873661878953,0.8050415489648657,-0.4500510507588488,0.9413500140233357
7.68,0.013551455188911555,0.4423461192668393,0.837022794067994,-0.4503565927799419,0.9431113750178708
7.69,0.013401915501968896,0.45607755112732073,0.8372977909765256,-0.45104501539239605,0.9448822050523614
7.7,0.013253958740483287,0.4679110413851755,0.8335986644950298,-0.4510547391766179,0.946658919344237
7.71,0.013107569094499488,0.43737793997511437,0.885783327750058,-0.4513236884564386,0.948434197242727
7.72,0.012962730898540688,0.4341251334879942,0.8357966265415108,-0.45107225958803226,0.9501914541861372
7.73,0.01281942863048304,0.4566698454261257,0.8822753185616151,-0.45127271919094897,0.951977782213906
7.74,0.012677646910435802,0.4566353083756303,0.8533464650219762,-0.4520277582878971,0.9537558530990419
7.75,0.012537370499627321,0.44779881601203214,0.7985095478223763,-0.4526815661736796,0.9555120293075731
7.76,0.01239858429929702,0.4591231175198576,0.8291206443396099,-0.45271727868161027,0.9572847940644781
7.7700000000000005,0.01226127334959309,0.4661806049824896,0.8564423998918685,-0.4530534515348309,0.959071484621431
7.78,0.012125422828476128,0.4507468826816843,0.8195662023328463,-0.45372538598138223,0.9608378711267701
7.79,0.011991018050628618,0.4443972113527163,0.8089336835158346,-0.45373400473912995,0.9625971698259949
7.8,0.011858044466370517,0.4409825353432215,0.8722403145672374,-0.4542186404518723,0.9643753029887413
7.8100000000000005,0.011726487660580452,0.45833940424857483,0.8518087357117805,-0.4543825848487707,0.9661578630299196
7.82,0.01159633335162319,0.44344626498807804,0.8085966998780981,-0.4542063624509112,0.9679172928372997
7.83,0.011467567390282818,0.4691907838287272,0.8182439262110268,-0.45420714716657357,0.9696948820964219
7.84,0.011340175758702045,0.45128846904680725,0.881301360932257,-0.45413280999416383,0.9714822806202553
7.8500000000000005,0.011214144569327292,0.4442846472155803,0.8326771179450636,-0.4540820680620631,0.973249641806112
7.86,0.011089460063860029,0.4312044836280634,0.843362058292146,-0.45392619436538434,0.9750122448002718
7.87,0.010966108612213872,0.43134124649895805,0.8269089092165002,-0.4537221460432738,0.976769517929736
7.88,0.01084407671147773,0.4508328675965344,0.838947400097152,-0.4538465956863014,0.9785424201975927
7.890000000000001,0.010723350984885083,0.4526771768937682,0.8382976991851919,-0.45419999752251394,0.9803168134132525
7.9,0.010603918180789079,0.459926377763416,0.8338447524061086,-0.45410710136230736,0.9820939438286638
7.91,0.010485765171643804,0.44741218631427754,0.8395095837918786,-0.45412256939499307,0.9838654299981773
7.92,0.010368878952991418,0.46571384051351605,0.8787520173704407,-0.45423573460428734,0.985661315274668
7.930000000000001,0.010253246642455416,0.425066065810829,0.8615404919256986,-0.45402442306776064,0.9874259067527696
7.94,0.010138855478739984,0.45444111780528157,0.8510505584096097,-0.45329110179164306,0.9892040006601507
7.95,0.010025692820635064,0.4818172549832231,0.8461816282109929,-0.45368245712967525,0.9909978406011615
7.96,0.009913746146027847,0.4781995006205311,0.9276902781768568,-0.4542169162856627,0.9928186042371734
7.97,0.00980300305091991,0.4899491753381743,0.8608353792195713,-0.4536914713128292,0.9946226222109039
7.98,0.009693451248450686,0.4838034979004127,0.8642402861343772,-0.45439900898492974,0.9964251984918617
7.99,0.009585078567926716,0.4706809875989203,0.8570663728726677,-0.4547712557905208,0.9982177687252413
8.0,0.00947787295385699,0.4513966047429879,0.8624517942566122,-0.4546623088276298,1.0
